id_class,class_name
1,Class_1
2,Class_2
3,Class_3
4,Class_4
5,Class_5
6,Class_6
7,Class_7
8,Class_8
9,Class_9
10,Class_10
11,Class_11
12,Class_12
13,Class_13
14,Class_14
15,Class_15
16,Class_16
17,Class_17
18,Class_18
19,Class_19
20,Class_20
21,Class_21
22,Class_22
23,Class_23
24,Class_24
25,Class_25
26,Class_26
27,Class_27
28,Class_28
29,Class_29
30,Class_30
31,Class_31
32,Class_32
33,Class_33
34,Class_34
35,Class_35
36,Class_36
37,Class_37
38,Class_38
39,Class_39
40,Class_40
41,Class_41
42,Class_42
43,Class_43
44,Class_44
45,Class_45
46,Class_46
47,Class_47
48,Class_48
49,Class_49
50,Class_50
51,Class_51
52,Class_52
53,Class_53
54,Class_54
55,Class_55
56,Class_56
57,Class_57
58,Class_58
59,Class_59
60,Class_60
61,Class_61
62,Class_62
63,Class_63
64,Class_64
65,Class_65
66,Class_66
67,Class_67
68,Class_68
69,Class_69
70,Class_70
71,Class_71
72,Class_72
73,Class_73
74,Class_74
75,Class_75
76,Class_76
77,Class_77
78,Class_78
79,Class_79
80,Class_80
81,Class_81
82,Class_82
83,Class_83
84,Class_84
85,Class_85
86,Class_86
87,Class_87
88,Class_88
89,Class_89
90,Class_90
91,Class_91
92,Class_92
93,Class_93
94,Class_94
95,Class_95
96,Class_96
97,Class_97
98,Class_98
99,Class_99
100,Class_100
101,Class_101
102,Class_102
103,Class_103
104,Class_104
105,Class_105
106,Class_106
107,Class_107
108,Class_108
109,Class_109
110,Class_110
111,Class_111
112,Class_112
113,Class_113
114,Class_114
115,Class_115
116,Class_116
117,Class_117
118,Class_118
119,Class_119
120,Class_120
121,Class_121
122,Class_122
123,Class_123
124,Class_124
125,Class_125
126,Class_126
127,Class_127
128,Class_128
129,Class_129
130,Class_130
131,Class_131
132,Class_132
133,Class_133
134,Class_134
135,Class_135
136,Class_136
137,Class_137
138,Class_138
139,Class_139
140,Class_140
141,Class_141
142,Class_142
143,Class_143
144,Class_144
145,Class_145
146,Class_146
147,Class_147
148,Class_148
149,Class_149
150,Class_150
151,Class_151
152,Class_152
153,Class_153
154,Class_154
155,Class_155
156,Class_156
157,Class_157
158,Class_158
159,Class_159
160,Class_160
161,Class_161
162,Class_162
163,Class_163
164,Class_164
165,Class_165
166,Class_166
167,Class_167
168,Class_168
169,Class_169
170,Class_170
171,Class_171
172,Class_172
173,Class_173
174,Class_174
175,Class_175
176,Class_176
177,Class_177
178,Class_178
179,Class_179
180,Class_180
181,Class_181
182,Class_182
183,Class_183
184,Class_184
185,Class_185
186,Class_186
187,Class_187
188,Class_188
189,Class_189
190,Class_190
191,Class_191
192,Class_192
193,Class_193
194,Class_194
195,Class_195
196,Class_196
197,Class_197
198,Class_198
199,Class_199
200,Class_200
201,Class_201
202,Class_202
203,Class_203
204,Class_204
205,Class_205
206,Class_206
207,Class_207
208,Class_208
209,Class_209
210,Class_210
211,Class_211
212,Class_212
213,Class_213
214,Class_214
215,Class_215
216,Class_216
217,Class_217
218,Class_218
219,Class_219
220,Class_220
221,Class_221
222,Class_222
223,Class_223
224,Class_224
225,Class_225
226,Class_226
227,Class_227
228,Class_228
229,Class_229
230,Class_230
231,Class_231
232,Class_232
233,Class_233
234,Class_234
235,Class_235
236,Class_236
237,Class_237
238,Class_238
239,Class_239
240,Class_240
241,Class_241
242,Class_242
243,Class_243
244,Class_244
245,Class_245
246,Class_246
247,Class_247
248,Class_248
249,Class_249
250,Class_250
251,Class_251
252,Class_252
253,Class_253
254,Class_254
255,Class_255
256,Class_256
257,Class_257
258,Class_258
259,Class_259
260,Class_260
261,Class_261
262,Class_262
263,Class_263
264,Class_264
265,Class_265
266,Class_266
267,Class_267
268,Class_268
269,Class_269
270,Class_270
271,Class_271
272,Class_272
273,Class_273
274,Class_274
275,Class_275
276,Class_276
277,Class_277
278,Class_278
279,Class_279
280,Class_280
281,Class_281
282,Class_282
283,Class_283
284,Class_284
285,Class_285
286,Class_286
287,Class_287
288,Class_288
289,Class_289
290,Class_290
291,Class_291
292,Class_292
293,Class_293
294,Class_294
295,Class_295
296,Class_296
297,Class_297
298,Class_298
299,Class_299
300,Class_300
301,Class_301
302,Class_302
303,Class_303
304,Class_304
305,Class_305
306,Class_306
307,Class_307
308,Class_308
309,Class_309
310,Class_310
311,Class_311
312,Class_312
313,Class_313
314,Class_314
315,Class_315
316,Class_316
317,Class_317
318,Class_318
319,Class_319
320,Class_320
321,Class_321
322,Class_322
323,Class_323
324,Class_324
325,Class_325
326,Class_326
327,Class_327
328,Class_328
329,Class_329
330,Class_330
331,Class_331
332,Class_332
333,Class_333
334,Class_334
335,Class_335
336,Class_336
337,Class_337
338,Class_338
339,Class_339
340,Class_340
341,Class_341
342,Class_342
343,Class_343
344,Class_344
345,Class_345
346,Class_346
347,Class_347
348,Class_348
349,Class_349
350,Class_350
351,Class_351
352,Class_352
353,Class_353
354,Class_354
355,Class_355
356,Class_356
357,Class_357
358,Class_358
359,Class_359
360,Class_360
361,Class_361
362,Class_362
363,Class_363
364,Class_364
365,Class_365
366,Class_366
367,Class_367
368,Class_368
369,Class_369
370,Class_370
371,Class_371
372,Class_372
373,Class_373
374,Class_374
375,Class_375
376,Class_376
377,Class_377
378,Class_378
379,Class_379
380,Class_380
381,Class_381
382,Class_382
383,Class_383
384,Class_384
385,Class_385
386,Class_386
387,Class_387
388,Class_388
389,Class_389
390,Class_390
391,Class_391
392,Class_392
393,Class_393
394,Class_394
395,Class_395
396,Class_396
397,Class_397
398,Class_398
399,Class_399
400,Class_400
401,Class_401
402,Class_402
403,Class_403
404,Class_404
405,Class_405
406,Class_406
407,Class_407
408,Class_408
409,Class_409
410,Class_410
411,Class_411
412,Class_412
413,Class_413
414,Class_414
415,Class_415
416,Class_416
417,Class_417
418,Class_418
419,Class_419
420,Class_420
421,Class_421
422,Class_422
423,Class_423
424,Class_424
425,Class_425
426,Class_426
427,Class_427
428,Class_428
429,Class_429
430,Class_430
431,Class_431
432,Class_432
433,Class_433
434,Class_434
435,Class_435
436,Class_436
437,Class_437
438,Class_438
439,Class_439
440,Class_440
441,Class_441
442,Class_442
443,Class_443
444,Class_444
445,Class_445
446,Class_446
447,Class_447
448,Class_448
449,Class_449
450,Class_450
451,Class_451
452,Class_452
453,Class_453
454,Class_454
455,Class_455
456,Class_456
457,Class_457
458,Class_458
459,Class_459
460,Class_460
461,Class_461
462,Class_462
463,Class_463
464,Class_464
465,Class_465
466,Class_466
467,Class_467
468,Class_468
469,Class_469
470,Class_470
471,Class_471
472,Class_472
473,Class_473
474,Class_474
475,Class_475
476,Class_476
477,Class_477
478,Class_478
479,Class_479
480,Class_480
481,Class_481
482,Class_482
483,Class_483
484,Class_484
485,Class_485
486,Class_486
487,Class_487
488,Class_488
489,Class_489
490,Class_490
491,Class_491
492,Class_492
493,Class_493
494,Class_494
495,Class_495
496,Class_496
497,Class_497
498,Class_498
499,Class_499
500,Class_500
501,Class_501
502,Class_502
503,Class_503
504,Class_504
505,Class_505
506,Class_506
507,Class_507
508,Class_508
509,Class_509
510,Class_510
511,Class_511
512,Class_512
513,Class_513
514,Class_514
515,Class_515
516,Class_516
517,Class_517
518,Class_518
519,Class_519
520,Class_520
521,Class_521
522,Class_522
523,Class_523
524,Class_524
525,Class_525
526,Class_526
527,Class_527
528,Class_528
529,Class_529
530,Class_530
531,Class_531
532,Class_532
533,Class_533
534,Class_534
535,Class_535
536,Class_536
537,Class_537
538,Class_538
539,Class_539
540,Class_540
541,Class_541
542,Class_542
543,Class_543
544,Class_544
545,Class_545
546,Class_546
547,Class_547
548,Class_548
549,Class_549
550,Class_550
551,Class_551
552,Class_552
553,Class_553
554,Class_554
555,Class_555
556,Class_556
557,Class_557
558,Class_558
559,Class_559
560,Class_560
561,Class_561
562,Class_562
563,Class_563
564,Class_564
565,Class_565
566,Class_566
567,Class_567
568,Class_568
569,Class_569
570,Class_570
571,Class_571
572,Class_572
573,Class_573
574,Class_574
575,Class_575
576,Class_576
577,Class_577
578,Class_578
579,Class_579
580,Class_580
581,Class_581
582,Class_582
583,Class_583
584,Class_584
585,Class_585
586,Class_586
587,Class_587
588,Class_588
589,Class_589
590,Class_590
591,Class_591
592,Class_592
593,Class_593
594,Class_594
595,Class_595
596,Class_596
597,Class_597
598,Class_598
599,Class_599
600,Class_600
601,Class_601
602,Class_602
603,Class_603
604,Class_604
605,Class_605
606,Class_606
607,Class_607
608,Class_608
609,Class_609
610,Class_610
611,Class_611
612,Class_612
613,Class_613
614,Class_614
615,Class_615
616,Class_616
617,Class_617
618,Class_618
619,Class_619
620,Class_620
621,Class_621
622,Class_622
623,Class_623
624,Class_624
625,Class_625
626,Class_626
627,Class_627
628,Class_628
629,Class_629
630,Class_630
631,Class_631
632,Class_632
633,Class_633
634,Class_634
635,Class_635
636,Class_636
637,Class_637
638,Class_638
639,Class_639
640,Class_640
641,Class_641
642,Class_642
643,Class_643
644,Class_644
645,Class_645
646,Class_646
647,Class_647
648,Class_648
649,Class_649
650,Class_650
651,Class_651
652,Class_652
653,Class_653
654,Class_654
655,Class_655
656,Class_656
657,Class_657
658,Class_658
659,Class_659
660,Class_660
661,Class_661
662,Class_662
663,Class_663
664,Class_664
665,Class_665
666,Class_666
667,Class_667
668,Class_668
669,Class_669
670,Class_670
671,Class_671
672,Class_672
673,Class_673
674,Class_674
675,Class_675
676,Class_676
677,Class_677
678,Class_678
679,Class_679
680,Class_680
681,Class_681
682,Class_682
683,Class_683
684,Class_684
685,Class_685
686,Class_686
687,Class_687
688,Class_688
689,Class_689
690,Class_690
691,Class_691
692,Class_692
693,Class_693
694,Class_694
695,Class_695
696,Class_696
697,Class_697
698,Class_698
699,Class_699
700,Class_700
701,Class_701
702,Class_702
703,Class_703
704,Class_704
705,Class_705
706,Class_706
707,Class_707
708,Class_708
709,Class_709
710,Class_710
711,Class_711
712,Class_712
713,Class_713
714,Class_714
715,Class_715
716,Class_716
717,Class_717
718,Class_718
719,Class_719
720,Class_720
721,Class_721
722,Class_722
723,Class_723
724,Class_724
725,Class_725
726,Class_726
727,Class_727
728,Class_728
729,Class_729
730,Class_730
731,Class_731
732,Class_732
733,Class_733
734,Class_734
735,Class_735
736,Class_736
737,Class_737
738,Class_738
739,Class_739
740,Class_740
741,Class_741
742,Class_742
743,Class_743
744,Class_744
745,Class_745
746,Class_746
747,Class_747
748,Class_748
749,Class_749
750,Class_750
751,Class_751
752,Class_752
753,Class_753
754,Class_754
755,Class_755
756,Class_756
757,Class_757
758,Class_758
759,Class_759
760,Class_760
761,Class_761
762,Class_762
763,Class_763
764,Class_764
765,Class_765
766,Class_766
767,Class_767
768,Class_768
769,Class_769
770,Class_770
771,Class_771
772,Class_772
773,Class_773
774,Class_774
775,Class_775
776,Class_776
777,Class_777
778,Class_778
779,Class_779
780,Class_780
781,Class_781
782,Class_782
783,Class_783
784,Class_784
785,Class_785
786,Class_786
787,Class_787
788,Class_788
789,Class_789
790,Class_790
791,Class_791
792,Class_792
793,Class_793
794,Class_794
795,Class_795
796,Class_796
797,Class_797
798,Class_798
799,Class_799
800,Class_800
801,Class_801
802,Class_802
803,Class_803
804,Class_804
805,Class_805
806,Class_806
807,Class_807
808,Class_808
809,Class_809
810,Class_810
811,Class_811
812,Class_812
813,Class_813
814,Class_814
815,Class_815
816,Class_816
817,Class_817
818,Class_818
819,Class_819
820,Class_820
821,Class_821
822,Class_822
823,Class_823
824,Class_824
825,Class_825
826,Class_826
827,Class_827
828,Class_828
829,Class_829
830,Class_830
831,Class_831
832,Class_832
833,Class_833
834,Class_834
835,Class_835
836,Class_836
837,Class_837
838,Class_838
839,Class_839
840,Class_840
841,Class_841
842,Class_842
843,Class_843
844,Class_844
845,Class_845
846,Class_846
847,Class_847
848,Class_848
849,Class_849
850,Class_850
851,Class_851
852,Class_852
853,Class_853
854,Class_854
855,Class_855
856,Class_856
857,Class_857
858,Class_858
859,Class_859
860,Class_860
861,Class_861
862,Class_862
863,Class_863
864,Class_864
865,Class_865
866,Class_866
867,Class_867
868,Class_868
869,Class_869
870,Class_870
871,Class_871
872,Class_872
873,Class_873
874,Class_874
875,Class_875
876,Class_876
877,Class_877
878,Class_878
879,Class_879
880,Class_880
881,Class_881
882,Class_882
883,Class_883
884,Class_884
885,Class_885
886,Class_886
887,Class_887
888,Class_888
889,Class_889
890,Class_890
891,Class_891
892,Class_892
893,Class_893
894,Class_894
895,Class_895
896,Class_896
897,Class_897
898,Class_898
899,Class_899
900,Class_900
901,Class_901
902,Class_902
903,Class_903
904,Class_904
905,Class_905
906,Class_906
907,Class_907
908,Class_908
909,Class_909
910,Class_910
911,Class_911
912,Class_912
913,Class_913
914,Class_914
915,Class_915
916,Class_916
917,Class_917
918,Class_918
919,Class_919
920,Class_920
921,Class_921
922,Class_922
923,Class_923
924,Class_924
925,Class_925
926,Class_926
927,Class_927
928,Class_928
929,Class_929
930,Class_930
931,Class_931
932,Class_932
933,Class_933
934,Class_934
935,Class_935
936,Class_936
937,Class_937
938,Class_938
939,Class_939
940,Class_940
941,Class_941
942,Class_942
943,Class_943
944,Class_944
945,Class_945
946,Class_946
947,Class_947
948,Class_948
949,Class_949
950,Class_950
951,Class_951
952,Class_952
953,Class_953
954,Class_954
955,Class_955
956,Class_956
957,Class_957
958,Class_958
959,Class_959
960,Class_960
961,Class_961
962,Class_962
963,Class_963
964,Class_964
965,Class_965
966,Class_966
967,Class_967
968,Class_968
969,Class_969
970,Class_970
971,Class_971
972,Class_972
973,Class_973
974,Class_974
975,Class_975
976,Class_976
977,Class_977
978,Class_978
979,Class_979
980,Class_980
981,Class_981
982,Class_982
983,Class_983
984,Class_984
985,Class_985
986,Class_986
987,Class_987
988,Class_988
989,Class_989
990,Class_990
991,Class_991
992,Class_992
993,Class_993
994,Class_994
995,Class_995
996,Class_996
997,Class_997
998,Class_998
999,Class_999
1000,Class_1000
