100;Công Thị Nhung;Woman
101;Bùi Anh Thùy;Woman
102;Cao Văn Tùng;Man
103;Lê Văn Tùng;Man
104;Lê Văn Dũng;Man
105;Đinh Anh Trang;Woman
106;Cao Minh Tiến;Man
107;Bùi Minh Huy;Man
108;Vũ Văn Tùng;Man
109;Đinh Văn Bình;Man
110;Vũ Minh Tùng;Man
111;Vũ Thị Hạnh;Woman
112;Vũ Thị Thùy;Woman
113;Bùi Phương Đào;Woman
114;Lê Thị Trang;Woman
115;Bùi Thị Hạnh;Woman
116;Vũ Minh Tùng;Man
117;Đinh Phương Trang;Woman
118;Nguyễn Anh Nhung;Woman
119;Công Anh Thùy;Woman
120;Cao Phương Hạnh;Woman
121;Cao Văn Hải;Man
122;Đinh Phương Chi;Woman
123;Huỳnh Anh Đào;Woman
124;Nguyễn Anh Đào;Woman
125;Huỳnh Anh Đào;Woman
126;Đinh Minh Tùng;Man
127;Vũ Văn Hải;Man
128;Đinh Phương Trang;Woman
129;Vũ Đức Tiến;Man
130;Huỳnh Anh Hồng;Woman
131;Lê Anh Hạnh;Woman
132;Huỳnh Anh Hạnh;Woman
133;Huỳnh Minh Sơn;Man
134;Công Phương Dung;Woman
135;Nguyễn Minh Sơn;Man
136;Huỳnh Văn Bình;Man
137;Đinh Minh Dũng;Man
138;Đinh Anh Đào;Woman
139;Bùi Phương Nhung;Woman
140;Lê Phương Nhung;Woman
141;Cao Anh Thùy;Woman
142;Lê Thị Dung;Woman
143;Công Thị Nhung;Woman
144;Vũ Văn Hoàng;Man
145;Cao Thị Hạnh;Woman
146;Nguyễn Văn Tùng;Man
147;Công Thị Hồng;Woman
148;Đinh Thị Đào;Woman
149;Công Đức Tiến;Man
150;Công Phương Chi;Woman
151;Lê Đức Huy;Man
152;Lê Minh Tiến;Man
153;Lê Anh Dung;Woman
154;Công Minh Lộc;Man
155;Đinh Thị Trang;Woman
156;Lê Minh Dũng;Man
157;Phan Anh Dung;Woman
158;Lê Đức Lộc;Man
159;Vũ Văn Tiến;Man
160;Cao Anh Chi;Woman
161;Nguyễn Phương Nhung;Woman
162;Nguyễn Đức Hải;Man
163;Nguyễn Anh Chi;Woman
164;Vũ Minh Lộc;Man
165;Nguyễn Đức Hải;Man
166;Bùi Anh Hồng;Woman
167;Vũ Minh Lộc;Man
168;Bùi Đức Huy;Man
169;Công Phương Hiền;Woman
170;Vũ Thị Chi;Woman
171;Nguyễn Văn Sơn;Man
172;Huỳnh Minh Hoàng;Man
173;Công Minh Bình;Man
174;Nguyễn Văn Dũng;Man
175;Lê Thị Chi;Woman
176;Công Minh Dũng;Man
177;Cao Văn Bình;Man
178;Vũ Phương Nhung;Woman
179;Đinh Văn Hoàng;Man
180;Lê Đức Hải;Man
181;Huỳnh Đức Lộc;Man
182;Bùi Minh Dũng;Man
183;Cao Đức Sơn;Man
184;Vũ Phương Đào;Woman
185;Huỳnh Văn Hải;Man
186;Nguyễn Văn Lộc;Man
187;Lê Văn Dũng;Man
188;Đinh Thị Nhung;Woman
189;Huỳnh Đức Lộc;Man
190;Vũ Minh Lộc;Man
191;Công Đức Dũng;Man
192;Cao Thị Dung;Woman
193;Phan Thị Thùy;Woman
194;Phan Phương Đào;Woman
195;Cao Văn Lộc;Man
196;Đinh Anh Đào;Woman
197;Công Đức Hải;Man
198;Cao Minh Sơn;Man
199;Phan Anh Chi;Woman
200;Lê Anh Đào;Woman
201;Vũ Anh Nhung;Woman
202;Vũ Đức Tùng;Man
203;Phan Minh Sơn;Man
204;Cao Đức Lộc;Man
205;Nguyễn Thị Nhung;Woman
206;Huỳnh Thị Trang;Woman
207;Phan Phương Nhung;Woman
208;Cao Anh Hồng;Woman
209;Phan Đức Bình;Man
210;Bùi Đức Tiến;Man
211;Lê Anh Chi;Woman
212;Vũ Minh Tiến;Man
213;Huỳnh Văn Tiến;Man
214;Cao Văn Bình;Man
215;Nguyễn Văn Hoàng;Man
216;Lê Anh Chi;Woman
217;Lê Phương Nhung;Woman
218;Phan Đức Lộc;Man
219;Nguyễn Minh Bình;Man
220;Phan Minh Tiến;Man
221;Vũ Thị Hạnh;Woman
222;Cao Thị Hạnh;Woman
223;Lê Đức Tùng;Man
224;Lê Thị Thùy;Woman
225;Cao Phương Hạnh;Woman
226;Phan Phương Hồng;Woman
227;Vũ Minh Bình;Man
228;Huỳnh Đức Hoàng;Man
229;Công Phương Trang;Woman
230;Công Văn Tiến;Man
231;Đinh Văn Huy;Man
232;Huỳnh Anh Thùy;Woman
233;Cao Minh Sơn;Man
234;Lê Văn Bình;Man
235;Phan Thị Nhung;Woman
236;Công Thị Nhung;Woman
237;Huỳnh Thị Dung;Woman
238;Phan Minh Hải;Man
239;Phan Đức Dũng;Man
240;Đinh Thị Nhung;Woman
241;Công Anh Hồng;Woman
242;Công Văn Lộc;Man
243;Nguyễn Phương Thùy;Woman
244;Phan Anh Hạnh;Woman
245;Phan Đức Tùng;Man
246;Huỳnh Phương Thùy;Woman
247;Công Thị Trang;Woman
248;Đinh Anh Hạnh;Woman
249;Đinh Đức Huy;Man
250;Phan Văn Dũng;Man
251;Nguyễn Văn Lộc;Man
252;Huỳnh Đức Dũng;Man
253;Phan Văn Tùng;Man
254;Công Minh Bình;Man
255;Lê Minh Huy;Man
256;Công Đức Tùng;Man
257;Nguyễn Thị Chi;Woman
258;Huỳnh Anh Hồng;Woman
259;Cao Văn Dũng;Man
260;Cao Phương Trang;Woman
261;Bùi Thị Đào;Woman
262;Bùi Minh Hải;Man
263;Lê Phương Chi;Woman
264;Lê Minh Tùng;Man
265;Bùi Đức Hải;Man
266;Vũ Văn Tùng;Man
267;Công Minh Tùng;Man
268;Vũ Thị Trang;Woman
269;Nguyễn Phương Trang;Woman
270;Lê Đức Tùng;Man
271;Cao Thị Trang;Woman
272;Phan Văn Bình;Man
273;Phan Phương Đào;Woman
274;Cao Anh Nhung;Woman
275;Cao Văn Tùng;Man
276;Đinh Anh Trang;Woman
277;Công Phương Hiền;Woman
278;Lê Minh Huy;Man
279;Vũ Văn Lộc;Man
280;Công Minh Hoàng;Man
281;Nguyễn Thị Nhung;Woman
282;Bùi Anh Đào;Woman
283;Công Phương Đào;Woman
284;Huỳnh Đức Tiến;Man
285;Đinh Minh Tiến;Man
286;Vũ Thị Nhung;Woman
287;Phan Phương Chi;Woman
288;Bùi Minh Hải;Man
289;Bùi Thị Đào;Woman
290;Bùi Văn Hải;Man
291;Lê Anh Hiền;Woman
292;Cao Văn Lộc;Man
293;Huỳnh Phương Chi;Woman
294;Công Minh Sơn;Man
295;Huỳnh Thị Đào;Woman
296;Huỳnh Văn Tiến;Man
297;Cao Anh Dung;Woman
298;Công Minh Dũng;Man
299;Vũ Đức Bình;Man
300;Huỳnh Minh Dũng;Man
301;Cao Minh Hoàng;Man
302;Bùi Minh Dũng;Man
303;Phan Minh Tiến;Man
304;Cao Phương Hiền;Woman
305;Lê Minh Sơn;Man
306;Phan Phương Hạnh;Woman
307;Cao Văn Hoàng;Man
308;Huỳnh Phương Hiền;Woman
309;Bùi Anh Hạnh;Woman
310;Vũ Anh Nhung;Woman
311;Đinh Văn Dũng;Man
312;Lê Minh Tùng;Man
313;Lê Phương Chi;Woman
314;Vũ Anh Hồng;Woman
315;Lê Văn Bình;Man
316;Huỳnh Thị Hiền;Woman
317;Công Đức Tùng;Man
318;Vũ Minh Sơn;Man
319;Vũ Phương Hiền;Woman
320;Lê Thị Trang;Woman
321;Phan Thị Dung;Woman
322;Cao Thị Hạnh;Woman
323;Đinh Phương Đào;Woman
324;Lê Anh Hạnh;Woman
325;Vũ Minh Tiến;Man
326;Cao Phương Chi;Woman
327;Phan Đức Bình;Man
328;Lê Anh Hồng;Woman
329;Công Minh Dũng;Man
330;Huỳnh Văn Sơn;Man
331;Cao Văn Hoàng;Man
332;Phan Đức Tùng;Man
333;Phan Minh Bình;Man
334;Vũ Anh Hồng;Woman
335;Bùi Thị Thùy;Woman
336;Huỳnh Đức Huy;Man
337;Nguyễn Văn Hải;Man
338;Cao Đức Hoàng;Man
339;Vũ Thị Nhung;Woman
340;Nguyễn Văn Hải;Man
341;Công Thị Dung;Woman
342;Vũ Anh Chi;Woman
343;Lê Thị Nhung;Woman
344;Phan Đức Hải;Man
345;Bùi Phương Trang;Woman
346;Công Anh Chi;Woman
347;Lê Anh Đào;Woman
348;Vũ Đức Hoàng;Man
349;Công Minh Tiến;Man
350;Đinh Thị Chi;Woman
351;Công Văn Dũng;Man
352;Bùi Anh Trang;Woman
353;Đinh Văn Huy;Man
354;Nguyễn Thị Hồng;Woman
355;Huỳnh Thị Hạnh;Woman
356;Huỳnh Văn Lộc;Man
357;Vũ Thị Hiền;Woman
358;Cao Thị Trang;Woman
359;Vũ Thị Nhung;Woman
360;Huỳnh Phương Trang;Woman
361;Bùi Đức Lộc;Man
362;Đinh Anh Hồng;Woman
363;Huỳnh Phương Hạnh;Woman
364;Cao Đức Dũng;Man
365;Bùi Minh Tiến;Man
366;Nguyễn Anh Nhung;Woman
367;Bùi Đức Tiến;Man
368;Lê Minh Sơn;Man
369;Bùi Văn Hoàng;Man
370;Đinh Đức Sơn;Man
371;Bùi Minh Sơn;Man
372;Bùi Đức Tùng;Man
373;Nguyễn Đức Hải;Man
374;Lê Đức Sơn;Man
375;Bùi Phương Thùy;Woman
376;Nguyễn Anh Thùy;Woman
377;Lê Thị Đào;Woman
378;Lê Đức Huy;Man
379;Công Văn Dũng;Man
380;Công Thị Hồng;Woman
381;Cao Minh Tiến;Man
382;Bùi Phương Nhung;Woman
383;Đinh Đức Huy;Man
384;Nguyễn Đức Huy;Man
385;Nguyễn Thị Chi;Woman
386;Công Anh Thùy;Woman
387;Bùi Phương Trang;Woman
388;Vũ Anh Hồng;Woman
389;Bùi Anh Chi;Woman
390;Đinh Đức Hoàng;Man
391;Nguyễn Văn Hải;Man
392;Nguyễn Anh Hạnh;Woman
393;Đinh Phương Trang;Woman
394;Bùi Minh Hải;Man
395;Nguyễn Văn Dũng;Man
396;Phan Anh Hiền;Woman
397;Nguyễn Đức Hoàng;Man
398;Cao Thị Đào;Woman
399;Công Phương Đào;Woman
400;Công Anh Đào;Woman
401;Vũ Thị Thùy;Woman
402;Huỳnh Anh Đào;Woman
403;Vũ Minh Huy;Man
404;Vũ Phương Nhung;Woman
405;Huỳnh Minh Huy;Man
406;Công Đức Huy;Man
407;Cao Anh Hồng;Woman
408;Đinh Văn Huy;Man
409;Lê Thị Dung;Woman
410;Đinh Phương Đào;Woman
411;Lê Thị Dung;Woman
412;Cao Anh Đào;Woman
413;Cao Đức Hải;Man
414;Đinh Minh Hải;Man
415;Nguyễn Văn Bình;Man
416;Công Đức Huy;Man
417;Bùi Anh Chi;Woman
418;Phan Anh Chi;Woman
419;Vũ Thị Chi;Woman
420;Đinh Đức Hải;Man
421;Công Minh Tùng;Man
422;Huỳnh Thị Hồng;Woman
423;Cao Thị Chi;Woman
424;Lê Văn Bình;Man
425;Đinh Đức Tùng;Man
426;Cao Đức Huy;Man
427;Công Phương Nhung;Woman
428;Lê Anh Trang;Woman
429;Cao Anh Hiền;Woman
430;Huỳnh Phương Đào;Woman
431;Lê Thị Dung;Woman
432;Công Thị Dung;Woman
433;Đinh Văn Bình;Man
434;Phan Thị Trang;Woman
435;Bùi Thị Chi;Woman
436;Đinh Văn Hải;Man
437;Công Thị Dung;Woman
438;Huỳnh Phương Hiền;Woman
439;Huỳnh Minh Hoàng;Man
440;Cao Văn Lộc;Man
441;Bùi Thị Thùy;Woman
442;Vũ Thị Nhung;Woman
443;Nguyễn Anh Đào;Woman
444;Huỳnh Anh Hạnh;Woman
445;Cao Anh Nhung;Woman
446;Lê Đức Sơn;Man
447;Cao Phương Đào;Woman
448;Bùi Phương Hạnh;Woman
449;Vũ Phương Nhung;Woman
450;Vũ Anh Nhung;Woman
451;Phan Anh Hạnh;Woman
452;Công Anh Hạnh;Woman
453;Nguyễn Văn Sơn;Man
454;Bùi Anh Nhung;Woman
455;Vũ Đức Hoàng;Man
456;Bùi Phương Hạnh;Woman
457;Đinh Thị Hạnh;Woman
458;Phan Anh Dung;Woman
459;Cao Văn Tùng;Man
460;Bùi Minh Hoàng;Man
461;Bùi Đức Bình;Man
462;Đinh Minh Lộc;Man
463;Đinh Phương Dung;Woman
464;Vũ Thị Dung;Woman
465;Công Phương Trang;Woman
466;Bùi Đức Tiến;Man
467;Đinh Anh Chi;Woman
468;Đinh Phương Hiền;Woman
469;Lê Thị Hạnh;Woman
470;Lê Phương Hiền;Woman
471;Huỳnh Minh Hải;Man
472;Lê Thị Đào;Woman
473;Công Văn Lộc;Man
474;Công Phương Thùy;Woman
475;Lê Anh Trang;Woman
476;Bùi Đức Hải;Man
477;Bùi Anh Hạnh;Woman
478;Bùi Đức Bình;Man
479;Huỳnh Văn Lộc;Man
480;Vũ Văn Tùng;Man
481;Cao Văn Sơn;Man
482;Vũ Văn Hải;Man
483;Nguyễn Đức Bình;Man
484;Cao Văn Hải;Man
485;Huỳnh Thị Đào;Woman
486;Lê Anh Dung;Woman
487;Vũ Phương Đào;Woman
488;Nguyễn Minh Hoàng;Man
489;Cao Anh Hồng;Woman
490;Phan Phương Nhung;Woman
491;Đinh Văn Hải;Man
492;Lê Đức Huy;Man
493;Vũ Phương Dung;Woman
494;Bùi Minh Huy;Man
495;Công Phương Dung;Woman
496;Nguyễn Anh Hiền;Woman
497;Lê Đức Hải;Man
498;Nguyễn Đức Hoàng;Man
499;Vũ Văn Tùng;Man
500;Nguyễn Phương Hồng;Woman
501;Công Minh Sơn;Man
502;Công Minh Tiến;Man
503;Nguyễn Phương Chi;Woman
504;Vũ Văn Sơn;Man
505;Huỳnh Đức Huy;Man
506;Cao Thị Nhung;Woman
507;Đinh Phương Hạnh;Woman
508;Bùi Đức Hải;Man
509;Công Minh Huy;Man
510;Huỳnh Anh Hiền;Woman
511;Nguyễn Thị Thùy;Woman
512;Lê Thị Hồng;Woman
513;Lê Anh Hạnh;Woman
514;Đinh Văn Tùng;Man
515;Lê Văn Dũng;Man
516;Công Minh Hải;Man
517;Phan Anh Thùy;Woman
518;Cao Phương Nhung;Woman
519;Vũ Anh Trang;Woman
520;Công Thị Nhung;Woman
521;Công Phương Hiền;Woman
522;Nguyễn Văn Sơn;Man
523;Phan Thị Đào;Woman
524;Công Minh Dũng;Man
525;Nguyễn Anh Dung;Woman
526;Đinh Văn Tiến;Man
527;Công Văn Bình;Man
528;Huỳnh Phương Dung;Woman
529;Vũ Thị Chi;Woman
530;Đinh Đức Bình;Man
531;Bùi Minh Hải;Man
532;Nguyễn Văn Tiến;Man
533;Nguyễn Anh Đào;Woman
534;Đinh Văn Huy;Man
535;Đinh Phương Hạnh;Woman
536;Huỳnh Phương Nhung;Woman
537;Đinh Phương Nhung;Woman
538;Bùi Đức Hoàng;Man
539;Huỳnh Phương Đào;Woman
540;Phan Đức Bình;Man
541;Cao Phương Thùy;Woman
542;Phan Phương Hạnh;Woman
543;Nguyễn Thị Chi;Woman
544;Lê Đức Sơn;Man
545;Công Phương Đào;Woman
546;Lê Văn Bình;Man
547;Huỳnh Phương Hồng;Woman
548;Phan Phương Chi;Woman
549;Phan Anh Thùy;Woman
550;Phan Thị Thùy;Woman
551;Phan Văn Hải;Man
552;Nguyễn Đức Tùng;Man
553;Lê Minh Huy;Man
554;Vũ Anh Trang;Woman
555;Phan Đức Lộc;Man
556;Nguyễn Phương Nhung;Woman
557;Nguyễn Minh Huy;Man
558;Phan Phương Trang;Woman
559;Phan Minh Bình;Man
560;Cao Anh Trang;Woman
561;Bùi Văn Lộc;Man
562;Đinh Minh Huy;Man
563;Nguyễn Anh Hiền;Woman
564;Huỳnh Văn Tùng;Man
565;Công Anh Thùy;Woman
566;Vũ Văn Dũng;Man
567;Đinh Văn Lộc;Man
568;Bùi Minh Huy;Man
569;Công Minh Huy;Man
570;Bùi Văn Dũng;Man
571;Nguyễn Văn Huy;Man
572;Lê Anh Trang;Woman
573;Công Thị Thùy;Woman
574;Công Thị Đào;Woman
575;Nguyễn Anh Dung;Woman
576;Nguyễn Văn Hoàng;Man
577;Nguyễn Đức Hải;Man
578;Lê Anh Trang;Woman
579;Phan Minh Huy;Man
580;Đinh Đức Tiến;Man
581;Công Thị Hạnh;Woman
582;Bùi Đức Lộc;Man
583;Công Anh Hồng;Woman
584;Huỳnh Thị Nhung;Woman
585;Phan Thị Dung;Woman
586;Công Văn Bình;Man
587;Đinh Phương Đào;Woman
588;Phan Anh Trang;Woman
589;Đinh Thị Trang;Woman
590;Nguyễn Phương Nhung;Woman
591;Vũ Văn Tiến;Man
592;Cao Minh Huy;Man
593;Huỳnh Phương Trang;Woman
594;Cao Anh Hạnh;Woman
595;Cao Phương Đào;Woman
596;Lê Thị Đào;Woman
597;Đinh Văn Hải;Man
598;Đinh Phương Hạnh;Woman
599;Lê Văn Hải;Man
600;Huỳnh Phương Hạnh;Woman
601;Nguyễn Văn Sơn;Man
602;Lê Thị Hiền;Woman
603;Nguyễn Thị Hạnh;Woman
604;Nguyễn Anh Hồng;Woman
605;Phan Thị Đào;Woman
606;Bùi Đức Tiến;Man
607;Cao Phương Hạnh;Woman
608;Vũ Minh Bình;Man
609;Bùi Anh Nhung;Woman
610;Huỳnh Minh Tiến;Man
611;Công Văn Bình;Man
612;Phan Anh Đào;Woman
613;Phan Đức Hoàng;Man
614;Công Thị Hạnh;Woman
615;Vũ Phương Hồng;Woman
616;Huỳnh Minh Hoàng;Man
617;Công Thị Dung;Woman
618;Cao Minh Hải;Man
619;Huỳnh Thị Hiền;Woman
620;Vũ Thị Chi;Woman
621;Huỳnh Minh Tiến;Man
622;Công Văn Lộc;Man
623;Vũ Văn Tùng;Man
624;Lê Phương Trang;Woman
625;Huỳnh Anh Trang;Woman
626;Lê Thị Chi;Woman
627;Huỳnh Minh Bình;Man
628;Đinh Minh Tùng;Man
629;Nguyễn Anh Dung;Woman
630;Công Minh Tùng;Man
631;Cao Đức Hải;Man
632;Huỳnh Minh Hoàng;Man
633;Huỳnh Văn Huy;Man
634;Bùi Văn Tùng;Man
635;Lê Minh Dũng;Man
636;Nguyễn Phương Hiền;Woman
637;Cao Đức Huy;Man
638;Huỳnh Anh Dung;Woman
639;Phan Minh Dũng;Man
640;Huỳnh Phương Hiền;Woman
641;Cao Phương Đào;Woman
642;Phan Thị Chi;Woman
643;Cao Thị Hồng;Woman
644;Công Văn Hoàng;Man
645;Bùi Văn Huy;Man
646;Huỳnh Đức Bình;Man
647;Bùi Anh Chi;Woman
648;Lê Anh Đào;Woman
649;Vũ Thị Đào;Woman
650;Nguyễn Đức Hoàng;Man
651;Vũ Đức Huy;Man
652;Lê Anh Thùy;Woman
653;Huỳnh Thị Hạnh;Woman
654;Vũ Phương Hồng;Woman
655;Đinh Anh Nhung;Woman
656;Lê Văn Hoàng;Man
657;Đinh Phương Hiền;Woman
658;Phan Văn Sơn;Man
659;Phan Anh Hạnh;Woman
660;Nguyễn Minh Huy;Man
661;Huỳnh Anh Đào;Woman
662;Bùi Phương Dung;Woman
663;Nguyễn Anh Hiền;Woman
664;Công Anh Dung;Woman
665;Nguyễn Phương Chi;Woman
666;Đinh Phương Thùy;Woman
667;Phan Minh Tiến;Man
668;Lê Văn Lộc;Man
669;Lê Phương Dung;Woman
670;Công Phương Chi;Woman
671;Nguyễn Đức Huy;Man
672;Nguyễn Văn Tiến;Man
673;Cao Anh Hiền;Woman
674;Vũ Văn Dũng;Man
675;Cao Anh Hồng;Woman
676;Lê Văn Hoàng;Man
677;Huỳnh Phương Nhung;Woman
678;Cao Anh Hạnh;Woman
679;Cao Phương Hồng;Woman
680;Đinh Phương Hạnh;Woman
681;Nguyễn Đức Lộc;Man
682;Huỳnh Anh Hiền;Woman
683;Công Văn Dũng;Man
684;Vũ Phương Đào;Woman
685;Vũ Đức Tiến;Man
686;Công Phương Nhung;Woman
687;Lê Minh Hải;Man
688;Đinh Thị Hạnh;Woman
689;Bùi Minh Huy;Man
690;Đinh Anh Đào;Woman
691;Vũ Thị Hồng;Woman
692;Huỳnh Văn Huy;Man
693;Lê Anh Hạnh;Woman
694;Bùi Anh Trang;Woman
695;Phan Anh Hiền;Woman
696;Nguyễn Đức Huy;Man
697;Cao Phương Hạnh;Woman
698;Công Minh Tùng;Man
699;Công Phương Thùy;Woman
700;Nguyễn Văn Tùng;Man
701;Cao Đức Lộc;Man
702;Cao Văn Tiến;Man
703;Vũ Phương Hiền;Woman
704;Phan Văn Bình;Man
705;Bùi Đức Sơn;Man
706;Đinh Anh Đào;Woman
707;Lê Anh Nhung;Woman
708;Đinh Minh Tiến;Man
709;Vũ Văn Lộc;Man
710;Huỳnh Thị Trang;Woman
711;Công Thị Trang;Woman
712;Huỳnh Đức Tiến;Man
713;Nguyễn Anh Thùy;Woman
714;Bùi Văn Sơn;Man
715;Bùi Phương Chi;Woman
716;Cao Anh Chi;Woman
717;Nguyễn Phương Đào;Woman
718;Công Văn Tùng;Man
719;Đinh Văn Hoàng;Man
720;Nguyễn Đức Tiến;Man
721;Vũ Đức Tùng;Man
722;Vũ Anh Nhung;Woman
723;Phan Anh Nhung;Woman
724;Cao Minh Hoàng;Man
725;Bùi Minh Sơn;Man
726;Phan Minh Tùng;Man
727;Nguyễn Minh Bình;Man
728;Công Đức Tiến;Man
729;Huỳnh Phương Đào;Woman
730;Cao Phương Hồng;Woman
731;Phan Đức Sơn;Man
732;Huỳnh Văn Tùng;Man
733;Vũ Văn Huy;Man
734;Bùi Anh Dung;Woman
735;Lê Anh Hạnh;Woman
736;Nguyễn Anh Dung;Woman
737;Đinh Phương Chi;Woman
738;Đinh Phương Hiền;Woman
739;Đinh Anh Trang;Woman
740;Lê Văn Hoàng;Man
741;Công Thị Chi;Woman
742;Phan Anh Hồng;Woman
743;Vũ Đức Huy;Man
744;Phan Đức Tùng;Man
745;Vũ Minh Huy;Man
746;Huỳnh Phương Chi;Woman
747;Phan Đức Hải;Man
748;Công Văn Lộc;Man
749;Huỳnh Anh Chi;Woman
750;Công Đức Tùng;Man
751;Bùi Anh Trang;Woman
752;Lê Thị Chi;Woman
753;Lê Thị Dung;Woman
754;Lê Phương Đào;Woman
755;Vũ Văn Bình;Man
756;Vũ Đức Hoàng;Man
757;Phan Minh Bình;Man
758;Nguyễn Anh Hiền;Woman
759;Bùi Anh Dung;Woman
760;Đinh Văn Dũng;Man
761;Vũ Anh Trang;Woman
762;Huỳnh Thị Trang;Woman
763;Cao Phương Hiền;Woman
764;Huỳnh Thị Đào;Woman
765;Huỳnh Thị Chi;Woman
766;Vũ Minh Lộc;Man
767;Bùi Phương Hạnh;Woman
768;Vũ Văn Huy;Man
769;Đinh Phương Nhung;Woman
770;Cao Anh Hạnh;Woman
771;Huỳnh Đức Tùng;Man
772;Bùi Thị Chi;Woman
773;Huỳnh Minh Lộc;Man
774;Công Thị Nhung;Woman
775;Phan Minh Hải;Man
776;Nguyễn Phương Chi;Woman
777;Công Đức Tùng;Man
778;Đinh Anh Trang;Woman
779;Nguyễn Phương Hiền;Woman
780;Vũ Anh Dung;Woman
781;Công Anh Thùy;Woman
782;Bùi Minh Sơn;Man
783;Huỳnh Thị Nhung;Woman
784;Phan Phương Trang;Woman
785;Cao Đức Lộc;Man
786;Công Thị Thùy;Woman
787;Lê Anh Thùy;Woman
788;Lê Minh Tùng;Man
789;Huỳnh Anh Nhung;Woman
790;Bùi Anh Chi;Woman
791;Công Đức Hải;Man
792;Đinh Anh Dung;Woman
793;Đinh Minh Bình;Man
794;Công Anh Trang;Woman
795;Nguyễn Phương Dung;Woman
796;Cao Anh Dung;Woman
797;Cao Thị Chi;Woman
798;Huỳnh Văn Huy;Man
799;Cao Văn Hải;Man
800;Công Minh Hoàng;Man
801;Lê Văn Hoàng;Man
802;Phan Phương Đào;Woman
803;Công Minh Bình;Man
804;Bùi Minh Huy;Man
805;Đinh Minh Hoàng;Man
806;Bùi Anh Trang;Woman
807;Lê Phương Nhung;Woman
808;Huỳnh Anh Hiền;Woman
809;Đinh Anh Hạnh;Woman
810;Vũ Văn Huy;Man
811;Bùi Văn Tùng;Man
812;Công Đức Tiến;Man
813;Cao Văn Tùng;Man
814;Huỳnh Văn Hoàng;Man
815;Bùi Đức Lộc;Man
816;Lê Minh Tùng;Man
817;Huỳnh Minh Sơn;Man
818;Phan Thị Thùy;Woman
819;Công Anh Hồng;Woman
820;Vũ Phương Hạnh;Woman
821;Cao Phương Nhung;Woman
822;Vũ Thị Dung;Woman
823;Bùi Phương Dung;Woman
824;Vũ Thị Hồng;Woman
825;Bùi Minh Tiến;Man
826;Lê Thị Chi;Woman
827;Lê Văn Dũng;Man
828;Nguyễn Đức Tùng;Man
829;Vũ Minh Tiến;Man
830;Cao Văn Bình;Man
831;Đinh Thị Đào;Woman
832;Công Thị Trang;Woman
833;Cao Phương Nhung;Woman
834;Công Phương Hiền;Woman
835;Lê Minh Hải;Man
836;Đinh Phương Hạnh;Woman
837;Công Đức Huy;Man
838;Công Văn Huy;Man
839;Nguyễn Thị Dung;Woman
840;Huỳnh Phương Hồng;Woman
841;Nguyễn Thị Nhung;Woman
842;Huỳnh Đức Sơn;Man
843;Lê Thị Chi;Woman
844;Công Minh Sơn;Man
845;Huỳnh Phương Hồng;Woman
846;Vũ Phương Trang;Woman
847;Huỳnh Anh Hạnh;Woman
848;Nguyễn Anh Trang;Woman
849;Huỳnh Minh Huy;Man
850;Bùi Phương Thùy;Woman
851;Phan Minh Lộc;Man
852;Cao Đức Lộc;Man
853;Nguyễn Phương Đào;Woman
854;Lê Thị Hiền;Woman
855;Bùi Phương Đào;Woman
856;Phan Đức Bình;Man
857;Bùi Phương Trang;Woman
858;Huỳnh Minh Tùng;Man
859;Bùi Phương Dung;Woman
860;Phan Văn Hải;Man
861;Phan Đức Bình;Man
862;Lê Minh Sơn;Man
863;Nguyễn Thị Dung;Woman
864;Bùi Phương Trang;Woman
865;Cao Đức Tiến;Man
866;Nguyễn Phương Thùy;Woman
867;Đinh Minh Dũng;Man
868;Vũ Minh Tiến;Man
869;Vũ Minh Tiến;Man
870;Phan Văn Bình;Man
871;Công Đức Bình;Man
872;Đinh Đức Tùng;Man
873;Lê Thị Dung;Woman
874;Huỳnh Văn Hoàng;Man
875;Công Phương Hồng;Woman
876;Công Thị Trang;Woman
877;Lê Phương Hiền;Woman
878;Đinh Văn Tùng;Man
879;Đinh Anh Dung;Woman
880;Công Đức Hải;Man
881;Lê Anh Hạnh;Woman
882;Huỳnh Phương Chi;Woman
883;Nguyễn Đức Hải;Man
884;Phan Thị Hồng;Woman
885;Nguyễn Minh Hải;Man
886;Vũ Minh Huy;Man
887;Huỳnh Minh Hải;Man
888;Nguyễn Anh Trang;Woman
889;Bùi Thị Thùy;Woman
890;Bùi Anh Thùy;Woman
891;Đinh Thị Thùy;Woman
892;Vũ Minh Tùng;Man
893;Đinh Anh Dung;Woman
894;Bùi Đức Bình;Man
895;Vũ Thị Thùy;Woman
896;Bùi Văn Hải;Man
897;Cao Đức Hoàng;Man
898;Bùi Đức Dũng;Man
899;Lê Thị Hồng;Woman
900;Bùi Đức Huy;Man
901;Công Phương Nhung;Woman
902;Bùi Minh Sơn;Man
903;Huỳnh Thị Thùy;Woman
904;Đinh Đức Huy;Man
905;Lê Anh Hiền;Woman
906;Huỳnh Phương Nhung;Woman
907;Vũ Phương Chi;Woman
908;Vũ Văn Tiến;Man
909;Nguyễn Đức Dũng;Man
910;Đinh Thị Dung;Woman
911;Cao Phương Nhung;Woman
912;Công Anh Trang;Woman
913;Vũ Thị Dung;Woman
914;Công Thị Hiền;Woman
915;Cao Phương Dung;Woman
916;Công Anh Hồng;Woman
917;Nguyễn Phương Đào;Woman
918;Huỳnh Đức Tiến;Man
919;Huỳnh Phương Hiền;Woman
920;Phan Văn Sơn;Man
921;Cao Thị Hiền;Woman
922;Vũ Văn Lộc;Man
923;Cao Phương Thùy;Woman
924;Bùi Thị Dung;Woman
925;Cao Văn Sơn;Man
926;Phan Đức Hải;Man
927;Nguyễn Thị Đào;Woman
928;Bùi Minh Dũng;Man
929;Công Minh Hoàng;Man
930;Phan Anh Hiền;Woman
931;Đinh Phương Hiền;Woman
932;Cao Đức Huy;Man
933;Vũ Minh Sơn;Man
934;Công Đức Huy;Man
935;Bùi Anh Dung;Woman
936;Nguyễn Thị Thùy;Woman
937;Lê Đức Tùng;Man
938;Đinh Anh Hiền;Woman
939;Bùi Đức Dũng;Man
940;Vũ Minh Dũng;Man
941;Cao Đức Tiến;Man
942;Cao Đức Hoàng;Man
943;Bùi Đức Hoàng;Man
944;Đinh Văn Sơn;Man
945;Huỳnh Anh Nhung;Woman
946;Vũ Phương Chi;Woman
947;Nguyễn Anh Hồng;Woman
948;Đinh Phương Thùy;Woman
949;Bùi Văn Tùng;Man
950;Phan Văn Tiến;Man
951;Bùi Văn Tùng;Man
952;Huỳnh Văn Lộc;Man
953;Bùi Minh Lộc;Man
954;Nguyễn Đức Bình;Man
955;Phan Anh Đào;Woman
956;Công Đức Lộc;Man
957;Vũ Văn Tùng;Man
958;Vũ Văn Tùng;Man
959;Đinh Văn Tiến;Man
960;Huỳnh Minh Sơn;Man
961;Huỳnh Minh Lộc;Man
962;Vũ Anh Dung;Woman
963;Huỳnh Đức Tiến;Man
964;Công Thị Hạnh;Woman
965;Nguyễn Phương Trang;Woman
966;Cao Anh Trang;Woman
967;Đinh Đức Hải;Man
968;Lê Đức Sơn;Man
969;Phan Minh Sơn;Man
970;Nguyễn Đức Dũng;Man
971;Cao Phương Dung;Woman
972;Bùi Anh Đào;Woman
973;Đinh Thị Nhung;Woman
974;Công Minh Dũng;Man
975;Lê Văn Dũng;Man
976;Vũ Phương Chi;Woman
977;Vũ Thị Hạnh;Woman
978;Vũ Văn Bình;Man
979;Bùi Minh Hải;Man
980;Đinh Anh Nhung;Woman
981;Đinh Đức Tiến;Man
982;Lê Phương Nhung;Woman
983;Vũ Văn Sơn;Man
984;Bùi Minh Hải;Man
985;Nguyễn Phương Đào;Woman
986;Huỳnh Đức Lộc;Man
987;Cao Văn Lộc;Man
988;Lê Văn Hoàng;Man
989;Phan Đức Hoàng;Man
990;Nguyễn Đức Sơn;Man
991;Công Phương Hạnh;Woman
992;Nguyễn Văn Tiến;Man
993;Lê Thị Hạnh;Woman
994;Đinh Văn Tùng;Man
995;Phan Đức Sơn;Man
996;Huỳnh Anh Dung;Woman
997;Bùi Đức Hải;Man
998;Phan Minh Tùng;Man
999;Cao Phương Thùy;Woman
1000;Phan Minh Huy;Man
1001;Huỳnh Thị Hạnh;Woman
1002;Lê Phương Hồng;Woman
1003;Phan Văn Sơn;Man
1004;Đinh Văn Lộc;Man
1005;Phan Minh Dũng;Man
1006;Nguyễn Văn Hoàng;Man
1007;Vũ Văn Dũng;Man
1008;Đinh Thị Trang;Woman
1009;Bùi Thị Trang;Woman
1010;Nguyễn Thị Dung;Woman
1011;Nguyễn Thị Chi;Woman
1012;Đinh Phương Thùy;Woman
1013;Cao Phương Hồng;Woman
1014;Đinh Minh Huy;Man
1015;Bùi Anh Đào;Woman
1016;Vũ Minh Huy;Man
1017;Đinh Minh Dũng;Man
1018;Nguyễn Thị Trang;Woman
1019;Đinh Văn Lộc;Man
1020;Đinh Đức Lộc;Man
1021;Cao Đức Lộc;Man
1022;Cao Minh Lộc;Man
1023;Nguyễn Minh Bình;Man
1024;Phan Thị Dung;Woman
1025;Đinh Phương Nhung;Woman
1026;Huỳnh Đức Tiến;Man
1027;Công Phương Dung;Woman
1028;Lê Văn Tùng;Man
1029;Đinh Thị Hiền;Woman
1030;Lê Minh Tùng;Man
1031;Phan Đức Tiến;Man
1032;Lê Minh Tùng;Man
1033;Cao Minh Tiến;Man
1034;Bùi Phương Dung;Woman
1035;Phan Phương Trang;Woman
1036;Công Phương Chi;Woman
1037;Công Anh Dung;Woman
1038;Cao Văn Dũng;Man
1039;Đinh Đức Bình;Man
1040;Bùi Phương Dung;Woman
1041;Công Anh Dung;Woman
1042;Bùi Minh Tùng;Man
1043;Cao Phương Hồng;Woman
1044;Huỳnh Phương Nhung;Woman
1045;Cao Anh Thùy;Woman
1046;Đinh Minh Hoàng;Man
1047;Lê Phương Trang;Woman
1048;Đinh Thị Trang;Woman
1049;Công Anh Hồng;Woman
1050;Nguyễn Minh Lộc;Man
1051;Nguyễn Thị Hồng;Woman
1052;Phan Đức Huy;Man
1053;Cao Văn Tiến;Man
1054;Vũ Phương Thùy;Woman
1055;Phan Phương Hồng;Woman
1056;Cao Đức Lộc;Man
1057;Huỳnh Đức Tiến;Man
1058;Cao Đức Dũng;Man
1059;Nguyễn Anh Hiền;Woman
1060;Phan Thị Trang;Woman
1061;Lê Minh Tùng;Man
1062;Công Minh Lộc;Man
1063;Huỳnh Văn Dũng;Man
1064;Lê Anh Nhung;Woman
1065;Vũ Minh Dũng;Man
1066;Nguyễn Minh Hải;Man
1067;Nguyễn Anh Hồng;Woman
1068;Phan Anh Hiền;Woman
1069;Bùi Anh Hiền;Woman
1070;Huỳnh Văn Dũng;Man
1071;Bùi Phương Hiền;Woman
1072;Công Minh Hải;Man
1073;Cao Đức Hoàng;Man
1074;Đinh Thị Hạnh;Woman
1075;Phan Minh Tiến;Man
1076;Công Thị Hiền;Woman
1077;Huỳnh Minh Hải;Man
1078;Lê Thị Hồng;Woman
1079;Huỳnh Phương Hồng;Woman
1080;Phan Thị Dung;Woman
1081;Công Minh Bình;Man
1082;Vũ Anh Hạnh;Woman
1083;Vũ Văn Lộc;Man
1084;Huỳnh Minh Lộc;Man
1085;Lê Đức Bình;Man
1086;Bùi Phương Trang;Woman
1087;Vũ Anh Dung;Woman
1088;Lê Đức Bình;Man
1089;Đinh Đức Sơn;Man
1090;Nguyễn Văn Tiến;Man
1091;Huỳnh Minh Lộc;Man
1092;Huỳnh Thị Hiền;Woman
1093;Bùi Đức Bình;Man
1094;Huỳnh Đức Dũng;Man
1095;Vũ Minh Huy;Man
1096;Công Minh Hoàng;Man
1097;Huỳnh Đức Tùng;Man
1098;Công Đức Sơn;Man
1099;Vũ Thị Dung;Woman
